[
  {
    "branch": "CCE",
    "semester": "2",
    "fileName": "1732458570147-235332364-package-lock.json",
    "originalName": "package-lock.json",
    "filePath": "/uploads/CCE/1732458570147-235332364-package-lock.json",
    "uploadDate": "2024-11-24T14:29:30.157Z"
  },
  {
    "branch": "CSE",
    "semester": "2",
    "fileName": "1732458623664-457117058-materials.json",
    "originalName": "materials.json",
    "filePath": "/uploads/CSE/1732458623664-457117058-materials.json",
    "uploadDate": "2024-11-24T14:30:23.674Z"
  }
]